uid,event,cut_mean,cut_max,cut_min,cut_std,cut_var,speed_mean,speed_max,speed_min,speed_std,speed_var,space_mean,space_max,space_min,gender,age,height,weight,fre_side,VR_exp,game_fre,sport_fre,difficulty,enjoyment,fatigue,personality,familiarity
3,1,0.40868208105421294,1.325279637265326,0.10009967675098252,0.2886002590114408,0.08329010950147071,2.1215877422961738,4.984973394113472,0.8113865073446467,0.8934072967472867,0.7981765978812945,0.400762227605323,0.7463243262818117,0.07071067811865478,1,19,178,60,2,1,2,4,2,4,2,2,0
3,2,0.4107871757728255,1.1980087277813003,0.10071067811865476,0.2791865829295957,0.07794514808790402,2.0569291087268593,5.166178005527693,0.8767459844688286,0.7750782655610772,0.6007463177451677,0.3655296894030867,0.7443117626371357,0.010000000000000007,1,19,178,60,2,1,2,4,2,4,2,2,0
3,3,0.38622646680687606,1.1832658080900256,0.10803118619434347,0.2707236375900111,0.07329128794996767,2.0151248773900514,4.197650532253092,1.03295109438264,0.793452166292903,0.6295663401949007,0.38962436431048253,0.7742092740338363,0.1341640786499874,1,19,178,60,2,1,2,4,2,4,2,2,0
3,4,0.41310050722689134,1.3299446777332768,0.10071067811865453,0.2939524383212278,0.08640803599499523,2.012540560517372,4.4149912849434445,0.8383233532934131,0.798380376546431,0.637411225654421,0.4170248523593447,0.7392563831310488,0.1334166406412633,1,19,178,60,2,1,2,4,2,4,2,2,0
4,1,0.486453701636443,1.3464744768584187,0.10000000000000007,0.28671914072804977,0.0822078656598312,1.540760287720675,2.5568451691128464,0.8064516129032265,0.3770905623993473,0.14219729225065603,0.395269460897356,0.7300684899377592,0.0921954445729289,1,20,170,53,2,1,2,2,3,5,3,1,0
4,2,0.46154829582613016,1.0990565343918983,0.10071067811865472,0.25938660159722166,0.06728140908815579,1.4573923031413543,2.408064899350653,0.8379888268156424,0.32621994606261745,0.10641945320909704,0.36509255945356756,0.7200694410957877,0.05385164807134503,1,20,170,53,2,1,2,2,3,5,3,1,0
4,3,0.45759007346747765,1.146984405290455,0.10414213562373097,0.312892732037216,0.09790186176171306,1.5169184899315071,2.7478493461971016,0.8536240624895981,0.45772772273269674,0.20951466815806052,0.38123284820953285,0.6453681120105021,0.15811388300841894,1,20,170,53,2,1,2,2,3,5,3,1,0
4,4,0.5176084175547614,1.2969417104919303,0.10242640687119288,0.30026878205279295,0.09016134147546766,1.552245109372808,3.046155659195847,0.8466840294612279,0.42863890778085306,0.18373131326356268,0.39930188740767436,0.7083078426785913,0.14866068747318506,1,20,170,53,2,1,2,2,3,5,3,1,0
5,1,0.7894655107004889,2.6517594627249137,0.1006449510224598,0.5217781271336915,0.27225241395514277,2.02506282254656,4.169625737325053,0.7907142396415985,0.7133108305924044,0.5088123410404259,0.42189278783754824,0.7843468620451031,0.010000000000000007,2,21,164,48,2,3,1,3,2,5,1,1,1
5,2,0.6880064271322304,3.0531555097305647,0.10064495102245977,0.5004607063131736,0.2504609185634807,1.85628379830179,3.277349513134613,0.7871871422326275,0.6606037827825844,0.43639735782665995,0.38609382034462,0.7829431652425354,0.00999999999999998,2,21,164,48,2,3,1,3,2,5,1,1,1
5,3,1.138633754901767,2.2854840523663467,0.14796545909814854,0.5307490910811165,0.2816945976834312,2.1830668537570537,3.387843292253723,1.0103052631525005,0.5916742961162643,0.3500784726846768,0.4221940577507318,0.740607858451421,0.12529964086141668,2,21,164,48,2,3,1,3,2,5,1,1,1
5,4,0.7975281489541033,2.61650856904235,0.1007106781186548,0.5441893278890332,0.2961420245883177,1.95093351264334,4.05470076395906,0.8606788068076945,0.6873453500698408,0.472443630262632,0.41427392011478437,0.7877182237323191,0.0,2,21,164,48,2,3,1,3,2,5,1,1,1
7,1,0.4518837818289642,1.3831457204282358,0.10071067811865472,0.2600339732655612,0.0676176672522746,1.387711301036235,3.193607642904027,0.4712814871219415,0.4114825932054977,0.16931792451112107,0.39317782093821313,0.7294518489934754,0.13038404810405302,2,22,160,50,2,2,2,6,3,3,3,2,0
7,2,0.4310098830531913,1.3556567249291394,0.10009967675098227,0.2680845872477999,0.07186934591982322,1.3774276020937397,3.4739664192405977,0.4074074074074077,0.40948247584142855,0.1676758980212261,0.37845331347262534,0.7324616030891995,0.07071067811865475,2,22,160,50,2,2,2,6,3,3,3,2,0
7,3,0.431075778900928,1.1948850643451865,0.10009967675098252,0.31985995571519543,0.1023103912701268,1.3121299954963184,2.3022833609733846,0.4836868983191861,0.40399800295002186,0.16321438638760585,0.3811234529808047,0.6579513659838393,0.1562049935181331,2,22,160,50,2,2,2,6,3,3,3,2,0
7,4,0.46983737869612385,1.3291971685283568,0.1007106781186548,0.28908264504704606,0.08356877566739641,1.444451723007406,3.485608304720049,0.5434963171217368,0.4365715899357426,0.1905947531390222,0.40969282808786966,0.7083078426785913,0.15556349186104046,2,22,160,50,2,2,2,6,3,3,3,2,0
8,1,0.4003780524896146,1.1159564973535834,0.10009967675098252,0.19481888981860107,0.037954399830152225,1.3339729349339988,8.52191127276947,0.4564948938179261,0.5224819635171698,0.2729874022007571,0.334583531287458,0.5742821606144493,0.16401219466856728,2,21,172,66,2,1,1,4,3,5,3,2,0
8,2,0.4150729806211227,1.1929264787444038,0.1007106781186548,0.18235832192550877,0.033254557575487495,1.25815587267941,2.2963838467181548,0.4637094882902886,0.2949710960147173,0.08700794748412358,0.32713327970766104,0.5742821606144491,0.16401219466856726,2,21,172,66,2,1,1,4,3,5,3,2,0
8,3,0.3883468846752999,1.1563073254473184,0.1047870866461908,0.2156643579928549,0.04651111530847028,1.3202553828516008,1.7314164640068117,0.20862763379687754,0.32335746367320595,0.10456004931316869,0.3336339849692842,0.5556977595779922,0.19209372712298547,2,21,172,66,2,1,1,4,3,5,3,2,0
8,4,0.4546091965532246,1.0512539796166491,0.10071067811865478,0.23173234108168578,0.05369987790319876,1.3172358804923363,2.4016367107283427,0.4607639625868559,0.39285891794540173,0.1543381294092319,0.32099840909465893,0.5382378656319156,0.16492422502470644,2,21,172,66,2,1,1,4,3,5,3,2,0
9,1,0.3992106673008516,0.9893759888515614,0.1024264068711929,0.22232442885963755,0.049428151667764035,1.169190452847613,5.356792573780874,0.019887088218930482,0.4383983636135415,0.19219312521903095,0.38266340340957533,0.6166036003787198,0.14999999999999994,2,22,152,63,2,1,3,2,2,4,1,2,0
9,2,0.414144693325942,1.1648108752316808,0.1024264068711928,0.23277314769635868,0.054183338288470814,1.1155698863478851,2.0852838541634693,0.0453351243909236,0.3189762154334801,0.10174582601226591,0.3629192996770486,0.6171709649683789,0.14142135623730953,2,22,152,63,2,1,3,2,2,4,1,2,0
9,3,0.4102833152040837,0.8526201338483175,0.1129252873988395,0.22307001001567947,0.04976022936839534,1.1312436627315883,1.8759745794301848,0.5646264369941977,0.35130913458639823,0.12341810804384408,0.38181811231972246,0.5124451190127582,0.27294688127912364,2,22,152,63,2,1,3,2,2,4,1,2,0
9,4,0.3904895943387039,1.0225810562571591,0.10009967675098252,0.206726630099029,0.04273589959210076,1.1159911495746173,2.2133789096475294,0.003660605965390208,0.37251158180050115,0.13876487857551145,0.3879957246232799,0.6184658438426491,0.16643316977093242,2,22,152,63,2,1,3,2,2,4,1,2,0
10,1,0.6470203874310989,1.9600599199088449,0.1000996767509824,0.418331368290257,0.17500113369559867,1.551181898274147,2.7193836753683645,0.06301700544785171,0.45754616196661496,0.20934849033037986,0.37184559827009356,0.7156116265125938,0.0921954445729289,1,22,170,65,2,1,3,3,2,3,1,1,0
10,2,0.6429129863066372,1.8981804153582158,0.10656854249492376,0.3589318945368711,0.12883210491582756,1.5225942784641986,2.9398606670567813,0.02772598953378536,0.4316715704725126,0.18634034475420538,0.3544798139372509,0.7119691004531026,0.0728010988928052,1,22,170,65,2,1,3,3,2,3,1,1,0
10,3,0.6433095682418476,1.2070116620608236,0.1570674230225704,0.33738968635531824,0.11383180045894002,1.5384253424152279,2.3788171300670844,0.5949523599339788,0.40741635184021935,0.1659880837467934,0.36628028691346803,0.6847627326307997,0.16155494421403513,1,22,170,65,2,1,3,3,2,3,1,1,0
10,4,0.7121422396592741,1.9129758327870536,0.1024264068711929,0.45552034899117283,0.20749878834503988,1.5709154022140441,3.4589146716063155,0.049396734998026826,0.4916334202647124,0.24170341992117936,0.3817251518565541,0.7111258679024409,0.16401219466856728,1,22,170,65,2,1,3,3,2,3,1,1,0
11,1,0.4370497804178775,1.3314574698046138,0.10099771282656073,0.25993648468927677,0.06756697607261862,1.2048075456943066,3.3878136591019916,0.09363142658945246,0.4141582994870168,0.1715270970339775,0.35443312663180326,0.5745432968889289,0.08246211251235322,1,21,175,85,2,1,1,2,2,5,1,2,0
11,2,0.42448925444496605,1.3264600685179735,0.1007106781186548,0.26324469155596086,0.06929776763239297,1.177938109609611,3.891964490804343,0.039375975434926984,0.4184595618057605,0.1751084048666691,0.3359913209487252,0.5748912940721924,0.08246211251235322,1,21,175,85,2,1,1,2,2,5,1,2,0
11,3,0.5245228713654155,1.192173704412429,0.10656854249492388,0.2731837202948181,0.0746293450341174,1.1929369202801094,2.013806933129103,0.4694649449115589,0.3786859907430886,0.1434030795850746,0.361723869849912,0.5742821606144493,0.13453624047073715,1,21,175,85,2,1,1,2,2,5,1,2,0
11,4,0.47120858537173993,1.264348297310866,0.10114383155010646,0.2491077491651924,0.06205467069414842,1.1871385420306666,2.3181322322976228,0.2084772587241781,0.3590992303305975,0.1289522572240275,0.35999458582754384,0.5727128425310541,0.12041594578792295,1,21,175,85,2,1,1,2,2,5,1,2,0
12,1,0.5513659709229131,1.6488689475526062,0.10071067811865478,0.37294287344700316,0.13908638685490743,1.262616494132065,2.286843477986204,0.0267538799754214,0.40192670857600593,0.16154507906674162,0.4692438089624855,0.9167878707749136,0.10295630140987,1,23,187,75,2,2,1,4,3,5,1,1,0
12,2,0.5477248715071378,1.6613554031508493,0.10828427124746184,0.35229977275913754,0.12411512988613996,1.2179101865660291,2.4231077979202382,0.02897205246254405,0.38975447100094535,0.15190854766522677,0.46001922341484336,0.8772684879784524,0.14999999999999994,1,23,187,75,2,2,1,4,3,5,1,1,0
12,3,0.5514159969458741,1.1802241916955805,0.1538890505706125,0.3344716007615716,0.11187125171600816,1.4075588681109397,2.181149508473682,0.9214913207821106,0.3246821952843991,0.10541852793469669,0.4370093076176659,0.8140024569987491,0.1772004514666935,1,23,187,75,2,2,1,4,3,5,1,1,0
12,4,0.5424942747027028,1.7422416582271103,0.10231551362179037,0.3795032118478703,0.14402268780284952,1.2717119437024955,2.5535912901118016,0.01890663457206316,0.42383764144675296,0.1796383463071463,0.48139858524254775,0.9211405973031479,0.1676305461424021,1,23,187,75,2,2,1,4,3,5,1,1,0
13,1,0.29381681751596894,0.9256476588069938,0.10064495102245988,0.167576675513393,0.028081942176121012,0.9028593338610674,1.7652065328339481,0.21379010119791966,0.2344903578583407,0.05498572792853268,0.4605114818245617,0.6997142273814362,0.21931712199461312,1,21,173,70,2,1,3,6,4,4,2,2,0
13,2,0.29077936510271246,0.9166112755191396,0.10071067811865464,0.15687685995155315,0.02461034918825922,0.8954709502381184,1.7577715318545115,0.4822346771459132,0.20680445467661168,0.04276808247409073,0.44931903178727445,0.6809552114493288,0.194164878389476,1,21,173,70,2,1,3,6,4,4,2,2,0
13,3,0.25503097115954676,0.7596149531314111,0.10300563079745778,0.14876074265421052,0.022129758555032252,0.8781484169369764,1.4069895278594795,0.4625735813290629,0.2287592900745163,0.052330812795396704,0.4520800997777866,0.6262587324740471,0.1984943324127921,1,21,173,70,2,1,3,6,4,4,2,2,0
13,4,0.34762375962556213,0.9263084013337216,0.10120955864630136,0.19013192090019543,0.036150147345198176,0.9287140308271974,1.84536839957574,0.472801749983625,0.23071966314086453,0.05323156295983401,0.4563462301423771,0.7003570517957252,0.19646882704388505,1,21,173,70,2,1,3,6,4,4,2,2,0
14,1,0.32799773902054413,0.8530814694527135,0.1006449510224598,0.16633688331085333,0.027667958749568438,1.1876896802755161,2.3498650372785352,0.4569261461910607,0.4139870972753502,0.17138531671047028,0.35260722284999835,0.5608029957123981,0.161245154965971,1,22,191,95,2,1,4,9,2,2,1,1,0
14,2,0.3743753832986686,0.8706838235435497,0.10064495102245988,0.18249286036300968,0.03330364408347295,1.1454427883961118,2.328279153584155,0.4414931330654866,0.35285423879205235,0.12450611383351869,0.3381436926655381,0.5622277118748239,0.16278820596099708,1,22,191,95,2,1,4,9,2,2,1,1,0
14,3,0.36297117531295886,0.7621267705702655,0.11438793109825925,0.19438882117934608,0.03778701379949578,1.1529659455611996,1.722892770328366,0.5607251524424474,0.30341360394684164,0.09205981506001087,0.3560369204670917,0.5603570290448759,0.2102379604162864,1,22,191,95,2,1,4,9,2,2,1,1,0
14,4,0.3456682448942111,0.8377653884382033,0.10242640687119277,0.1615133265993122,0.02608655466917609,1.1568084119094977,2.050132925358429,0.478628069491555,0.3815342286022113,0.14556836759508446,0.36573849656833934,0.5608029957123981,0.16124515496597105,1,22,191,95,2,1,4,9,2,2,1,1,0
15,1,0.5816946580448059,2.193605532487781,0.10000000000000003,0.44455766889802745,0.19763152097604822,1.1961644997758354,2.4611356062331082,0.3984063745019922,0.5077101180747297,0.257769563995456,0.39742564570059613,0.6977822009767805,0.07615773105863904,2,19,158,49,2,2,2,4,3,4,1,1,0
15,2,0.5283824681350818,2.0665042611985323,0.10071067811865478,0.3945688506304561,0.15568457788783918,1.1219038405670705,2.431637717226812,0.4532141896955439,0.449513536026751,0.20206241907127317,0.37061374800923186,0.7289718787443038,0.06708203932499374,2,19,158,49,2,2,2,4,3,4,1,1,0
15,3,0.5115737886079063,2.0165038139985043,0.10656854249492384,0.5174564022781116,0.2677611282586069,1.0837852743416696,2.141273091687505,0.5440977788642384,0.41796497110541947,0.17469471707115414,0.3950506382027048,0.7093659140387281,0.11313708498984765,2,19,158,49,2,2,2,4,3,4,1,1,0
15,4,0.604310374973631,2.1634504460604256,0.10120955864630136,0.48554798927795034,0.2357568498918606,1.1717189027381218,2.776241653093954,0.4411419291279121,0.5260980918470353,0.27677920224509156,0.40393157164685345,0.6906518659932803,0.07810249675906658,2,19,158,49,2,2,2,4,3,4,1,1,0
16,1,0.5284236219797244,1.4783973101456012,0.10236067977499776,0.3050189847179964,0.09303658103839732,1.3166278395307054,2.950392960333692,0.4550041996155013,0.40888358170280925,0.1671857833861179,0.39588505530609697,0.6466065264130885,0.14560219778561034,2,18,162,51,2,1,2,2,4,5,2,1,0
16,2,0.5332548661385683,1.452017379705551,0.10146264369941982,0.27887103792691753,0.07776905579443627,1.2817341938739677,2.590593477864996,0.44561428496897937,0.41188924674359545,0.16965275158300647,0.37689709228580115,0.6694027188471824,0.15556349186104046,2,18,162,51,2,1,2,2,4,5,2,1,0
16,3,0.4045892115237127,1.299095880281436,0.10307135789365264,0.2848963693160078,0.08116594124944311,1.267681192541221,2.163031642840376,0.5024191172926029,0.4073459449719272,0.16593071888507238,0.3972560971920212,0.6351377803280167,0.2202271554554524,2,18,162,51,2,1,2,2,4,5,2,1,0
16,4,0.54819266123626,1.374392722987586,0.10382332347441772,0.30839759023729674,0.0951090736641716,1.3364289222790302,2.4517078694742533,0.5074021819783121,0.48115055809895263,0.2315058595589336,0.38230203633757937,0.6586349520030045,0.19646882704388505,2,18,162,51,2,1,2,2,4,5,2,1,0
17,1,0.3897305549819622,1.2724935953668786,0.10064495102245972,0.2296276547746478,0.05272885983730483,1.1630437905784627,2.281280465297385,0.38735635391912265,0.3368728481270476,0.11348331580522887,0.36186811689153736,0.6762396025078685,0.1772004514666935,2,18,160,54,2,1,1,2,3,4,2,1,0
17,2,0.4040343195563254,1.3495924005642503,0.10000000000000003,0.25383693946234487,0.06443319183561014,1.1292088578555721,2.279716892845017,0.4250699413213509,0.3331808553110234,0.11100948234578514,0.3514865311210633,0.6887670143089026,0.13341664064126335,2,18,160,54,2,1,1,2,3,4,2,1,0
17,3,0.3202375471502886,1.038525521036238,0.10009967675098252,0.2065193911300727,0.042650258912735946,1.1136301675668716,2.248108934405283,0.5081388623612336,0.38041027611067463,0.14471197817059972,0.3603964882782916,0.6184658438426491,0.2193171219946131,2,18,160,54,2,1,1,2,3,4,2,1,0
17,4,0.4670889298586862,1.3276657980158375,0.1009977128265606,0.2921280532449234,0.0853387994926688,1.2903541358811266,3.1239195247431475,0.458525868431434,0.46700866706830524,0.21809709511691516,0.36374306899192954,0.6862215385719105,0.19723082923316024,2,18,160,54,2,1,1,2,3,4,2,1,0
18,1,0.3823802273063562,1.2369411330900528,0.10064495102245977,0.21818300121995743,0.04760382202134794,1.4790070532731636,3.105210401945268,0.4757899693670361,0.5619639480514866,0.31580347890961397,0.38836196723125704,0.7387827826905551,0.04123105625617661,1,21,170,70,2,2,4,1,3,3,1,1,0
18,2,0.41956942213093246,1.1415115894126024,0.10071067811865476,0.23800221613680073,0.05664505488602841,1.3757720239720423,2.8666638584453805,0.4570389355829717,0.4416878510211883,0.1950881577397154,0.3763176627310789,0.6809552114493287,0.04123105625617662,1,21,170,70,2,2,4,1,3,3,1,1,0
18,3,0.40064075604130145,1.232142336208984,0.1279654590981486,0.2268887134314809,0.05147848828259266,1.3632510722488107,2.3835328939240514,0.5139175064182675,0.42506017396246,0.18067615148899674,0.3857586404328851,0.6876772498781678,0.15000000000000002,1,21,170,70,2,2,4,1,3,3,1,1,0
18,4,0.37171832726878556,1.1226148374903422,0.10000000000000007,0.19993464413563872,0.03997386192564449,1.384296047849268,2.5416054110639013,0.4715422234288662,0.4761085180477649,0.22667932095763887,0.40973586009855767,0.6797793759742936,0.09848857801796106,1,21,170,70,2,2,4,1,3,3,1,1,0
19,1,0.5323442907691366,1.6936155313275354,0.10064495102245967,0.31735678170765547,0.10071532689584048,1.33786047808223,3.0025295631179723,0.4722706809512078,0.41518633160703006,0.17237968995330274,0.3365020426866222,0.6800735254367721,0.09219544457292887,1,22,175,55,2,1,1,6,2,3,4,1,0
19,2,0.5568755345894697,1.5064845223562309,0.1024264068711929,0.30787838958524755,0.09478910277360547,1.297542547622623,2.3148707980775507,0.4149089068674539,0.38667627173616725,0.14951853912378224,0.31861311294029354,0.6987131027825368,0.10198039027185572,1,22,175,55,2,1,1,6,2,3,4,1,0
19,3,0.45811627335654553,1.2513967207052086,0.10828427124746197,0.3208771021563941,0.10296211468828498,1.287867847659902,2.2768910964212656,0.5334200554062166,0.4817319357476207,0.23206565791914974,0.34191670867059354,0.6466065264130885,0.15811388300841894,1,22,175,55,2,1,1,6,2,3,4,1,0
19,4,0.5850412056572166,1.6403680700101162,0.10071067811865456,0.35390290859535056,0.12524726871224906,1.419743995442421,3.003393225712196,0.4357411532373684,0.43718018636930306,0.19112651535389857,0.33274940653303375,0.6902897942168926,0.11,1,22,175,55,2,1,1,6,2,3,4,1,0
20,1,1.3246747870964886,4.046343425980549,0.10146264369941972,0.8777676341433696,0.7704760195496483,1.9063662074739243,3.4523982828201407,0.4419766173365787,0.7547562698575317,0.5696570268892552,0.4288655235670757,0.8256512580987205,0.0,1,20,173,70,2,3,4,2,2,4,2,2,1
20,2,1.187640525184895,3.5938300963759304,0.1012095586463014,0.8194331231938954,0.6714706433873017,1.8041137173287125,3.4558634282134646,0.4383978593014654,0.6981130767828925,0.4873618679752767,0.3670661277796481,0.8276472678623424,0.0,1,20,173,70,2,3,4,2,2,4,2,2,1
20,3,1.204177910032504,2.9599946277427724,0.12242640687119286,0.8274723551088329,0.6847104984693585,1.8375525601975118,3.2686876859243066,0.5423570681717623,0.725078959848676,0.5257394980152379,0.3946776305733798,0.7527283706623525,0.010000000000000007,1,20,173,70,2,3,4,2,2,4,2,2,1
20,4,1.3531485516823474,3.949356094683788,0.10656854249492376,0.8619556891555421,0.7429676100676055,1.9586419407080662,3.551942466380334,0.44561428496897937,0.691186089628513,0.4777382104959549,0.42146924105940775,0.8260750571225353,0.010000000000000007,1,20,173,70,2,3,4,2,2,4,2,2,1
21,1,0.574867228503588,1.7901429464880934,0.10181540550352043,0.3479793420127592,0.12108962246763283,1.7595948280359366,4.289543760448483,0.7195114090400928,0.6245792268983795,0.3900992106729774,0.36839038554579845,0.7256031973468694,0.031622776601683784,2,19,166,50,2,1,3,4,3,4,3,1,0
21,2,0.5236256025829357,1.5661866845548795,0.10064495102245988,0.319356662107116,0.10198867763219865,1.6991642638966509,3.7712124876533055,0.5423772108944106,0.6329070396450364,0.40057132083224356,0.3484031326595058,0.7273238618387273,0.03,2,19,166,50,2,1,3,4,3,4,3,1,0
21,3,0.5587852806657424,1.4981530556496412,0.10656854249492388,0.377532589915412,0.14253085644823862,1.6904589515381152,3.483589235101837,0.9657009269909804,0.6170836880073234,0.38079227800471965,0.3686494014053019,0.6860029154456999,0.11661903789690604,2,19,166,50,2,1,3,4,3,4,3,1,0
21,4,0.572599838168659,1.6071677655760683,0.10000000000000003,0.3717871969498622,0.13822571981583562,1.8175613236506212,3.84364132493773,0.7036739629996261,0.7093059063730379,0.5031148688156768,0.3602672873341807,0.7308214556237386,0.12529964086141668,2,19,166,50,2,1,3,4,3,4,3,1,0
22,1,0.9590914351567154,3.6802735233653054,0.10292528739883954,0.7893840584478852,0.6231271917316542,1.5793033554278526,3.9610853794955347,0.4652752583657084,0.6784512051132855,0.46029603771966937,0.4819372911759746,0.8305419917138447,0.04242640687119285,2,19,174,79,2,2,2,1,2,3,2,1,0
22,2,0.9309402330458405,4.079131299976781,0.1007106781186547,0.7988221930672311,0.6381168961367407,1.58027018418479,3.2567644569217973,0.40262953848976096,0.6511494962634801,0.4239956664841838,0.46492828883788345,0.7854934754662193,0.10630145812734647,2,19,174,79,2,2,2,1,2,3,2,1,0
22,3,0.9395594445657054,2.7981496068329097,0.12071067811865475,0.7670790362698034,0.5884102478846104,1.6869575123575975,3.3649585116013396,0.4867366053171562,0.8830397327264315,0.7797591695735676,0.4738242268735579,0.7592759709091288,0.18867962264113208,2,19,174,79,2,2,2,1,2,3,2,1,0
22,4,1.0868827647945394,4.078963562576845,0.1007106781186548,0.8967036406103754,0.8040774190839013,1.717985786060514,4.204477475140414,0.4924283715202445,0.7931769842267592,0.6291297283070566,0.47161994794136586,0.8109870529176161,0.16031219541881395,2,19,174,79,2,2,2,1,2,3,2,1,0
23,1,0.5563012613329879,1.9374760607454973,0.10106343992275564,0.37092713915874825,0.1375869425644934,1.5990541722622018,3.25484038251026,0.1819830305219652,0.5649808524819003,0.3192033636711748,0.34839845824681,0.6447480127925949,0.07211102550927978,1,22,168,72,2,2,4,1,3,4,2,1,0
23,2,0.5872149950852897,1.886379666378088,0.10064495102245967,0.3637131860110574,0.13228728167831402,1.5959407463327882,3.201656346683864,0.08149618892466873,0.5754168573077617,0.33110455967394103,0.32712981337016045,0.6381222453417527,0.07071067811865478,1,22,168,72,2,2,4,1,3,4,2,1,0
23,3,0.5638537725263744,1.1898755635736884,0.10292528739883948,0.2948514911469508,0.08693740183158041,1.634433717412941,3.1078972160223772,0.7881333858097849,0.6027419495976432,0.36329785780476775,0.34752015774689127,0.6229767250869008,0.05830951894845302,1,22,168,72,2,2,4,1,3,4,2,1,0
23,4,0.5934916591028805,1.813575876260204,0.10000000000000007,0.39845445287511577,0.15876595101600785,1.6313155484289492,3.1008388342091475,0.5036140267098071,0.5711358821087005,0.32619619583208337,0.3448054284927251,0.644980619863884,0.09433981132056607,1,22,168,72,2,2,4,1,3,4,2,1,0
24,1,0.6551281233086826,2.014586446672938,0.10064495102245974,0.44664070223547553,0.1994879168933987,1.555631429302306,3.439904052490657,0.4715422234288666,0.6379538375985069,0.4069850989066621,0.37123020891905145,0.7169379331573968,0.09899494936611666,2,22,163,60,2,2,4,2,3,4,4,2,1
24,2,0.6747199927472157,2.155157958702028,0.10024579547452814,0.4344087630251249,0.1887109733930191,1.4264191376456121,3.5132661231763547,0.4310490820268439,0.5699995036047443,0.3248994341096548,0.344411732158726,0.72069410986909,0.09899494936611666,2,22,163,60,2,2,4,2,3,4,4,2,1
24,3,0.6080300558935527,1.8418169783545293,0.10478708664619077,0.4542704694890288,0.20636165944978266,1.4228180628309834,2.435332187813421,0.5265263246288348,0.5940114338262237,0.3528495835162861,0.36662351948593896,0.6236184731067546,0.15524174696260026,2,22,163,60,2,2,4,2,3,4,4,2,1
24,4,0.6681021572568145,1.9872674837440512,0.10071067811865478,0.43194763989711865,0.18657876361269088,1.4715814779932264,2.803741597876746,0.4908807869275685,0.5532264283564677,0.3060594810320539,0.3786705009817395,0.6868041933477111,0.1341640786499874,2,22,163,60,2,2,4,2,3,4,4,2,1
25,1,0.5855976406043351,2.182564770862744,0.1007106781186548,0.4172854905777852,0.17412718064674287,1.5325453518162828,3.1179089859716727,0.4691087190258145,0.5660047836908516,0.3203614151609277,0.38164978652928194,0.696419413859206,0.05,2,22,168,54,2,1,1,4,3,5,3,1,0
25,2,0.5650286520423768,2.257988067984812,0.1003261388731464,0.4027754094665905,0.16222803047097967,1.4957528052228761,3.1578996902165914,0.4979975170691268,0.5389917108010887,0.2905120643122844,0.3560908163112101,0.6926037828369118,0.04242640687119285,2,22,168,54,2,1,1,4,3,5,3,1,0
25,3,0.5987408453309006,2.073338006688358,0.10485281374238578,0.4978534459952729,0.24785805368936814,1.5683008132460086,2.838704772393453,0.5295596653655847,0.5931129425207364,0.3517829625856064,0.3706677584758956,0.6592419889539803,0.10630145812734647,2,22,168,54,2,1,1,4,3,5,3,1,0
25,4,0.6549071160186319,2.210988342408263,0.10071067811865483,0.464216983818054,0.2154974080651314,1.547708688324535,3.1269788845608137,0.5533316890581822,0.5727363209571659,0.3280268933435497,0.3720570791760805,0.6844705983459042,0.07211102550927978,2,22,168,54,2,1,1,4,3,5,3,1,0
26,1,0.5524289101030851,1.8575999502817888,0.1007106781186548,0.3879858593570192,0.15053302706100466,1.5531718565599844,2.9401362967139972,0.4698459030788663,0.576960952606302,0.3328839408323714,0.3557352608521842,0.6555150646628954,0.07071067811865474,1,22,180,75,2,2,2,2,3,5,1,2,0
26,2,0.5854340112012796,1.8069656039081097,0.10146264369941976,0.3978731317331163,0.15830302895511772,1.5475682182424375,3.668534875841471,0.4414931330654862,0.5911727384098143,0.3494852066389587,0.33471307457231547,0.6512296062065973,0.07071067811865478,1,22,180,75,2,2,2,2,3,5,1,2,0
26,3,0.4654478314463206,1.0564696129958435,0.10714776642118867,0.2841792169909941,0.0807578273696145,1.4864913305866974,2.9696960392228617,0.5857663080967026,0.5470630880966592,0.2992780223578531,0.368749238760415,0.6527633568147034,0.08544003745317531,1,22,180,75,2,2,2,2,3,5,1,2,0
26,4,0.6310278164366223,1.8884861979168928,0.10059855727862904,0.41579120895866134,0.17288232944730517,1.5369121147476468,3.4375809129919124,0.48775460904857704,0.5557390455412335,0.3088458867390812,0.35233397989605175,0.6529931086925803,0.07071067811865478,1,22,180,75,2,2,2,2,3,5,1,2,0
27,1,0.5080146609212327,1.000306229458831,0.10146264369941974,0.21923184131570778,0.04806260024667568,1.5286564828938005,2.518658485611622,0.5009933793985833,0.3147570635216213,0.09907200903675396,0.35319101167021755,0.6191122676865642,0.06999999999999999,1,20,176,69,2,3,2,2,3,4,3,1,1
27,2,0.49707185289435407,1.0945089436673168,0.10242640687119248,0.21297379429582824,0.04535783705676177,1.4363613782874367,2.112951628701384,0.5505745995076979,0.268135138982442,0.07189645275713351,0.317709720922557,0.620322496770833,0.08544003745317533,1,20,176,69,2,3,2,2,3,4,3,1,1
27,3,0.6284447883464844,1.0302663384760222,0.10292528739883944,0.27221416826286066,0.07410055340304102,1.6335010075854786,2.670051955360171,0.9068622731199474,0.3965586415983517,0.15725875622632993,0.3440450679009297,0.6126989472816157,0.10630145812734647,1,20,176,69,2,3,2,2,3,4,3,1,1
27,4,0.5340997725610159,1.1193745989289354,0.10242640687119288,0.2269424291796433,0.05150286616195742,1.5257132208715571,2.4267514650890627,0.5148658174167565,0.32048079572891564,0.10270794043103894,0.3415835613288235,0.620322496770833,0.1063014581273465,1,20,176,69,2,3,2,2,3,4,3,1,1
28,1,0.4225412372379683,1.0078879165342975,0.10000000000000006,0.2153195275992462,0.04636249896556254,1.4432530464396347,2.4686911791223998,0.6846930770048983,0.3424436040549079,0.11726762195811453,0.36693031825785694,0.6236986451805071,0.094339811320566,1,19,173,69,2,1,3,2,2,3,2,1,0
28,2,0.4357763025440615,0.9910703366483712,0.10000000000000007,0.2040834520947078,0.04165005541889289,1.4213149091384456,2.5967305527350137,0.5538246643901128,0.3135594566943432,0.09831953288245171,0.3444058236725196,0.6262587324740471,0.1140175425099138,1,19,173,69,2,1,3,2,2,3,2,1,0
28,3,0.45965496354562646,1.0105866312691787,0.10656854249492388,0.24550354030566146,0.06027198830261354,1.4331184030061028,2.25577373051156,0.8855870552040144,0.35878416237206934,0.1287260751690274,0.3632125563601104,0.5984145720150873,0.147648230602334,1,19,173,69,2,1,3,2,2,3,2,1,0
28,4,0.4128392107308387,0.9824153664592716,0.10071067811865476,0.2079187331925098,0.04323019961237808,1.421388223589784,2.4882614725063377,0.5275199817514116,0.34686397382108647,0.12031461633495534,0.37197792383999406,0.5990826320300063,0.14212670403551894,1,19,173,69,2,1,3,2,2,3,2,1,0
29,1,0.6404206167377604,1.8833484699361431,0.10064495102245977,0.3932504912513369,0.1546459488694178,1.590601973974138,3.1038183452876065,0.5190733353583448,0.4777299874233223,0.22822594088348766,0.4255249221876142,0.8062257748298549,0.0894427190999916,1,21,178,70,2,1,3,1,3,5,1,1,1
29,2,0.6433407820644061,1.8537920267236605,0.10146264369941957,0.3634930206818154,0.13212717608439067,1.5559007552482966,3.0753348185075144,0.4834119252118834,0.450836055231872,0.2032531486970355,0.3974317291291553,0.7513321502504734,0.09219544457292883,1,21,178,70,2,1,3,1,3,5,1,1,1
29,3,0.5709573145620745,1.4748621472659764,0.10071067811865476,0.4544455006926762,0.20652071309981718,1.533840673785319,2.8700014445696818,0.5643241638931878,0.6328282305341701,0.40047156936100886,0.4247216961523326,0.7000714249274855,0.128062484748657,1,21,178,70,2,1,3,1,3,5,1,1,1
29,4,0.6455592997551214,1.6752905053629743,0.10064495102245988,0.3754622146683039,0.14097187464362748,1.665749750566142,3.2669090903545293,0.5531097070985583,0.5346643582623457,0.28586597599608593,0.4268993047198388,0.7818567643756751,0.09219544457292886,1,21,178,70,2,1,3,1,3,5,1,1,1
30,1,0.3324562501714857,0.910879314735704,0.10009967675098254,0.1788124465375606,0.03197389103674797,1.1788610654893457,2.3748928145325316,0.4551167541680031,0.3492103500111934,0.1219478685549402,0.40716114489713773,0.7527283706623525,0.17464249196572987,1,19,180,85,2,1,3,3,3,4,2,2,0
30,2,0.33359968175748006,0.8731106649634491,0.10009967675098252,0.18267358808326692,0.03336963978321508,1.1545045735675614,2.102057358982532,0.4268120312447992,0.31340781117023925,0.09822445610252035,0.4082067564677463,0.766550715869472,0.15811388300841905,1,19,180,85,2,1,3,3,3,4,2,2,0
30,3,0.35626315918286117,0.8160812359167348,0.12106343992275564,0.1998602418083297,0.03994411625568402,1.2676732174561205,2.1632600069176413,0.5233052069945082,0.3853204843941,0.14847187569370385,0.40540002551995513,0.6621933252457322,0.18439088914585766,1,19,180,85,2,1,3,3,3,4,2,2,0
30,4,0.37921518049030745,0.9119671472558074,0.10656854249492384,0.20857235616629907,0.04350242775676152,1.2448837604426937,2.387035069625824,0.4799580607271847,0.3402090876116428,0.11574222329354644,0.41656542303991,0.7515317691222375,0.15556349186104046,1,19,180,85,2,1,3,3,3,4,2,2,0
31,1,0.46671582920011545,1.3409192587017742,0.1007106781186547,0.27166880052563747,0.07380393717903859,1.4374826568620598,2.565674118381461,0.4944640913079472,0.4500512703317,0.20254614592717693,0.36432908819792076,0.6400781202322103,0.09219544457292887,1,18,163,55,2,1,4,2,1,4,2,1,0
31,2,0.46732013565610725,1.2552067242985403,0.10064495102245984,0.2447807541186571,0.05991761758689847,1.3987991992162148,2.479985396959123,0.49391882059945397,0.40187704717601713,0.1615051610469147,0.3464092186836384,0.6296824596572467,0.09899494936611666,1,18,163,55,2,1,4,2,1,4,2,1,0
31,3,0.5425464673069846,1.3588648350744057,0.10242640687119288,0.3458711478673396,0.11962685092707107,1.4866970038606095,2.296832040744917,0.2633255685594294,0.5373432641211162,0.28873778349633566,0.37495183774264584,0.6350590523722972,0.1526433752247375,1,18,163,55,2,1,4,2,1,4,2,1,0
31,4,0.44529639351830685,1.3097579129181167,0.10071067811865464,0.24319234718271884,0.059142517728240064,1.4681180737032595,2.783200561684086,0.4831554461877132,0.4751531289496432,0.22577049595063622,0.3644247416145444,0.6229767250869008,0.15556349186104046,1,18,163,55,2,1,4,2,1,4,2,1,0
32,1,0.3816233897545189,0.990438264485106,0.10064495102245988,0.1980754813539674,0.039233896313605895,1.2054834590405172,2.632976971260132,0.4777162184574816,0.3870085278772929,0.1497756006497494,0.3519292450512316,0.6407027391856539,0.09899494936611666,1,19,180,95,2,1,4,4,3,4,2,1,0
32,2,0.38665500909321593,1.0278676380562322,0.10210759472187952,0.19029496291628126,0.036212172911308856,1.2310815315668189,2.644188865275201,0.4472768859004058,0.38261708712411413,0.14639583535934195,0.3381521321228267,0.6262587324740471,0.09219544457292887,1,19,180,95,2,1,4,4,3,4,2,1,0
32,3,0.5279900194162247,0.9980265715506558,0.12252608362217532,0.227427264763385,0.05172316075775482,1.3893268511080976,2.371941607701295,0.4859133015563376,0.47091210384207083,0.22175820954496528,0.3427969773735049,0.6243396511515187,0.17029386365926394,1,19,180,95,2,1,4,4,3,4,2,1,0
32,4,0.41236156506043964,1.0259518914712824,0.1014626436994198,0.2041702424938089,0.04168548791998073,1.2567541275814749,2.8951876359836164,0.4529582308009813,0.41661016251267563,0.173564027508838,0.36461149763665024,0.6389053137985315,0.13928388277184114,1,19,180,95,2,1,4,4,3,4,2,1,0
33,1,0.8860179446521146,2.6546708952857663,0.10064495102245982,0.5624357093773461,0.31633392718279857,1.59150668413668,3.0387556603931123,0.028553330618921374,0.5458404041898627,0.29794174684615266,0.3831059979409803,0.6868041933477109,0.022360679774997904,1,20,165,60,2,1,2,2,3,3,3,2,1
33,2,0.8202189014839445,2.5796923505870994,0.10071067811865464,0.5283896997533237,0.27919567480540763,1.5127511558734592,2.7751207138431107,0.21719862470585632,0.5590203735577245,0.31250377805261786,0.3421400298645104,0.7119691004531026,0.0360555127546399,1,20,165,60,2,1,2,2,3,3,3,2,1
33,3,0.8878805419373232,2.5051096390063705,0.11974691494688153,0.702473746801613,0.49346936494549676,1.5901407146983693,2.67405559935218,0.4967517618051636,0.6099938442693227,0.3720924900464667,0.3702425762671117,0.6762396025078685,0.13038404810405296,1,20,165,60,2,1,2,2,3,3,3,2,1
33,4,1.0450372902642622,2.646900539138909,0.10388905057061262,0.5774337337566519,0.3334297168801479,1.7128170945018377,3.3699957620752348,0.5575454930715896,0.5400537454972035,0.2916580480255582,0.3822446647405403,0.7111961754677819,0.11180339887498948,1,20,165,60,2,1,2,2,3,3,3,2,1
34,1,0.3382985288851832,0.8007897754708224,0.10000000000000007,0.16552191222485393,0.02739750342657225,1.189596088246018,2.3670321925077125,0.4572607449606825,0.36515225756173386,0.13333617120243083,0.33471640622497567,0.523450093132096,0.16999999999999998,1,19,173,61,2,2,4,2,3,4,3,1,0
34,2,0.3488684367856002,0.7596019127943425,0.10242640687119296,0.13977148894229316,0.019536069121145583,1.1895206181690174,2.268490566904706,0.4596772180445787,0.3268238409676151,0.10681382302482494,0.32038562986163566,0.5232590180780452,0.15652475842498528,1,19,173,61,2,2,4,2,3,4,3,1,0
34,3,0.3389163127131341,0.7408438022564889,0.10656854249492384,0.16866606239096346,0.02844824060247238,1.1726172369756171,1.9058116354108747,0.4979838434342236,0.34925503267122093,0.12197907784617561,0.3354370089086997,0.5232590180780452,0.1802775637731996,1,19,173,61,2,2,4,2,3,4,3,1,0
34,4,0.3434449932931185,0.7764949673164625,0.10242640687119292,0.1566215980389409,0.024530324972271575,1.1718681956679038,2.3035466031363723,0.4531964415611568,0.34564608987634987,0.11947121944680973,0.33596772278593234,0.5232590180780452,0.1886796226411321,1,19,173,61,2,2,4,2,3,4,3,1,0
35,1,0.4603210285877018,1.5124293213227409,0.10000000000000003,0.31598107216930205,0.09984403796926168,1.8221122406324017,4.256608838304492,0.3872509823070879,0.6883912881837788,0.4738825656473224,0.3415047598745192,0.6251399843235114,0.07280109889280519,1,22,178,80,1,1,3,1,3,3,2,2,0
35,2,0.4368475575410521,1.6218605758822695,0.10000000000000002,0.3036700280672415,0.09221548594635927,1.779384577886344,4.025005286032574,0.8000000000000002,0.6638047442449518,0.4406367384821059,0.3262665520714879,0.6251399843235114,0.07211102550927978,1,22,178,80,1,1,3,1,3,3,2,2,0
35,3,0.46338276408729595,1.2737832817803716,0.10242640687119277,0.3170448133756309,0.10051741368838864,1.9328756904123419,4.174738365162513,0.914521489921364,0.7464200889562315,0.5571429491974286,0.3506123791801066,0.5522680508593629,0.10816653826391967,1,22,178,80,1,1,3,1,3,3,2,2,0
35,4,0.5013619820566899,1.5824933252449898,0.10242640687119284,0.31360819297885456,0.09835009870346247,1.8531761975324221,4.606594786835084,0.8148148148148151,0.6726452752472227,0.45245166631241196,0.33147746459149424,0.6239390995922599,0.08485281374238568,1,22,178,80,1,1,3,1,3,3,2,2,0
36,1,0.3534145231781245,1.1034192926963848,0.10032613887314633,0.20004026541501818,0.04001610778731092,1.5037899820554255,3.2709740225525312,0.11348889505779755,0.416399290432934,0.1733883690730509,0.3455153401769535,0.6414047084329831,0.10630145812734647,2,21,160,55,2,1,1,1,2,4,2,1,0
36,2,0.34890678964764277,0.9835243397017548,0.10071067811865453,0.20532608072425076,0.04215879942558154,1.4769837892572528,2.9874843971118734,0.8518069822666486,0.38033589338377016,0.14465539179603057,0.3278251245398147,0.6319810123729984,0.08246211251235322,2,21,160,55,2,1,1,1,2,4,2,1,0
36,3,0.30806203069620314,0.8237207071759083,0.10106343992275564,0.17691882604443857,0.03130027100894232,1.4186048448414037,2.583971428392855,0.910691738241591,0.3384967768700194,0.11458006795139168,0.34775823214938184,0.5800862004909271,0.14866068747318506,2,21,160,55,2,1,1,1,2,4,2,1,0
36,4,0.39394189022902265,1.1449876469952676,0.10485281374238574,0.24042802582998168,0.057805635604502345,1.582455901593638,3.5822020646595867,0.8211664433361939,0.47301763584200074,0.2237456838175556,0.3545222891766711,0.6146543744251725,0.1392838827718412,2,21,160,55,2,1,1,1,2,4,2,1,0
37,1,0.573125161491066,2.069609051334312,0.10000000000000007,0.42186213029660896,0.1779676569783931,1.9631865031457327,4.51569980266074,0.06956749402292256,0.7688180765050474,0.5910812347609209,0.36524420888820713,0.7561084578286372,0.05385164807134506,2,18,150,40,2,2,3,2,3,4,2,1,1
37,2,0.5278953593632745,2.054525049948229,0.10064495102245964,0.4018716145386763,0.16150079457192243,1.8608986951250779,4.405326266834245,0.08432509829441387,0.7524234874372333,0.5661411044472084,0.3496081360597394,0.7559100475585703,0.04123105625617662,2,18,150,40,2,2,3,2,3,4,2,1,1
37,3,0.6034288604856297,2.150517520901853,0.10656854249492384,0.5059192661425707,0.25595430385423723,1.879339465638209,3.303473001256277,0.9600769594137284,0.6954384577804936,0.48363464856011135,0.35560951091655624,0.6981403870282824,0.020000000000000004,2,18,150,40,2,2,3,2,3,4,2,1,1
37,4,0.6089769208198815,1.930228353695229,0.1006449510224598,0.4414284977239906,0.19485911860285918,1.9820990184039202,5.028777022324888,0.3893328783129584,0.843826675084813,0.7120434575846906,0.3533198183943492,0.7542545989253231,0.028284271247461888,2,18,150,40,2,2,3,2,3,4,2,1,1
38,1,0.37424681645469293,1.0149951827061658,0.10000000000000003,0.19559417114275013,0.038257079785019424,1.4300180551531296,2.4523003636689347,0.475789969367036,0.4031136402565769,0.1625006069609089,0.38767352647659015,0.7,0.15811388300841894,2,18,174,61,2,1,2,4,2,4,2,2,0
38,2,0.3576397420705139,0.9074143096574808,0.10000000000000003,0.1885147610677109,0.035537815140416124,1.3283606210483616,2.284177979169823,0.4184100418410044,0.3424751457178219,0.11728922543444334,0.3637995038416485,0.6794115100585211,0.13601470508735444,2,18,174,61,2,1,2,4,2,4,2,2,0
38,3,0.4051978645322296,0.8872986634750556,0.11388905057061265,0.20029101261822047,0.04011648973563215,1.3815085768086892,2.4644717579192417,0.521948697738465,0.4898963431894861,0.23999842707043076,0.3732427986270509,0.6684309986827363,0.2267156809750927,2,18,174,61,2,1,2,4,2,4,2,2,0
38,4,0.42205123758045293,1.019709573594284,0.10560477932315074,0.2074561459680391,0.04303805249991234,1.491783027293406,2.9114399466932928,0.4699381273298809,0.47792065399470046,0.22840815151472219,0.38085133570449725,0.6735725647619565,0.15811388300841894,2,18,174,61,2,1,2,4,2,4,2,2,0
39,1,0.5430284123550572,2.0279096260050977,0.10064495102245982,0.3701979564007277,0.13704652692327512,1.499709555594824,2.9802755214154066,0.06968373095539418,0.5890009836952949,0.34692215879402494,0.4368881003274156,0.740607858451421,0.1676305461424021,2,19,168,65,2,1,1,6,3,4,3,1,0
39,2,0.4890864152078354,1.6684550292542817,0.1006449510224598,0.3382627654675467,0.1144216985017525,1.4245275714273937,3.2862696587384552,0.4355864407850211,0.5222201022715383,0.27271383521649584,0.42080131575380236,0.7211102550927979,0.17117242768623692,2,19,168,65,2,1,1,6,3,4,3,1,0
39,3,0.5746212930809788,1.5414490504749738,0.1082842712474619,0.41795070745232055,0.1746827938598952,1.5982647809268036,3.1128457151863747,0.5330117407843846,0.598057003654325,0.3576721796199893,0.43218661621294263,0.75,0.20880613017821106,2,19,168,65,2,1,1,6,3,4,3,1,0
39,4,0.5747266769593229,1.9699889450874617,0.10292528739883937,0.3789022784521007,0.14356693661619327,1.5653600097667488,3.5133217484396417,0.5616456565516442,0.5712034384045189,0.32627336804514506,0.4298447065989043,0.750066663703967,0.17088007490635065,2,19,168,65,2,1,1,6,3,4,3,1,0
40,1,0.5084279335517558,1.467333330934194,0.10064495102245988,0.29499299739847024,0.08702086851413388,1.4805529681010554,2.845876261864837,0.4659958052341948,0.449880632295041,0.2023925833141859,0.39758909526215236,0.6809552114493287,0.147648230602334,1,19,183,75,2,1,3,2,2,4,1,1,0
40,2,0.4671500987570932,1.4084667610037902,0.10000000000000003,0.24583461041518007,0.060434655677983354,1.445048971222433,2.6427017962819863,0.4048582995951419,0.41553796769514734,0.17267180259621331,0.37124099623779355,0.6815423684555495,0.15231546211727814,1,19,183,75,2,1,3,2,2,4,1,1,0
40,3,0.4515054421677183,1.1359827720266191,0.10210759472187936,0.3140883296987136,0.0986514788529278,1.3633406983899012,2.1539423416229297,0.5110291221417856,0.49005030475982764,0.24014930119519992,0.3955253580312378,0.6603786792439622,0.19723082923316013,1,19,183,75,2,1,3,2,2,4,1,1,0
40,4,0.5741537217538761,1.4603600413847615,0.10242640687119296,0.30568618217922894,0.09344404197531274,1.5475880573853342,2.769306562468312,0.5767561539939545,0.46966401379292255,0.22058428585207857,0.3968201690426145,0.6747592163134936,0.20248456731316586,1,19,183,75,2,1,3,2,2,4,1,1,0
41,1,0.34188473085960075,1.0254408877704548,0.10000000000000003,0.18263057331054547,0.03335392630773852,1.4892343369767127,2.9167493735995507,0.8064516129032261,0.42540482046727834,0.18096926127679733,0.41005725954790684,0.7924645102463579,0.15652475842498528,1,19,175,73,2,1,2,6,3,4,1,1,0
41,2,0.3733814193104909,1.0197888493502465,0.10000000000000003,0.19339356575091537,0.03740107127385363,1.4893985662203648,3.122977478889984,0.8064516129032262,0.4297362673500952,0.1846732594759925,0.39701092229136553,0.7495331880577404,0.15231546211727814,1,19,175,73,2,1,2,6,3,4,1,1,0
41,3,0.3528188352411855,0.9889482008007644,0.12292528739883953,0.21716877136123422,0.047162275254548025,1.4861096577722845,2.1320784993179465,0.9383609725102252,0.39964013248613794,0.15971223549353789,0.41202929256707,0.7355270219373317,0.21260291625469294,1,19,175,73,2,1,2,6,3,4,1,1,0
41,4,0.3910752569412629,0.9905810452476436,0.10210759472187958,0.19624039667840412,0.03851029328849741,1.5020533528146716,2.8832584012658184,0.8466840294612274,0.39369109309774,0.15499267678449336,0.4314859581046751,0.7969943538068509,0.18867962264113214,1,19,175,73,2,1,2,6,3,4,1,1,0
42,1,1.2420004703102376,3.6059015852285934,0.1007106781186548,0.8511587851263033,0.7244712774976846,2.237544200735131,4.387836213454359,0.8561526594740071,0.7503550610033939,0.563032717573407,0.373910245605302,0.8261961026293938,0.010000000000000007,1,21,185,62,2,3,4,3,2,4,2,2,1
42,2,1.0857861154590067,3.47174605163564,0.10000000000000003,0.7973370341499816,0.6357463460270889,2.0575810144094704,4.6490871914114384,0.8130081300813011,0.8117211451349451,0.6588912174591867,0.3385368578055691,0.813203541556479,0.0,1,21,185,62,2,3,4,3,2,4,2,2,1
42,3,1.0584195868869015,3.272167486906678,0.10242640687119288,0.8956562488020561,0.8022001160181705,2.0450685992820654,3.565888842653468,0.8803599288411539,0.8934519987099601,0.7982564739988224,0.36091568046054945,0.8045495634204272,0.014142135623730963,1,21,185,62,2,3,4,3,2,4,2,2,1
42,4,1.2379823531538912,4.022550502857031,0.10146264369941974,0.8755097068592966,0.7665172468048514,2.3065849107487963,4.724562547116483,0.8392804089980219,0.9754254170553824,0.9514547442376668,0.3694573998463002,0.8280096617793781,0.03162277660168377,1,21,185,62,2,3,4,3,2,4,2,2,1
43,1,0.6813781686199764,2.163853643345123,0.1021075947218796,0.46250553697799357,0.21391137173530217,1.7313472489600352,3.1624109976365893,0.06236142246312116,0.5447247244210816,0.2967250253956233,0.38716342198212944,0.7799999999999999,0.04,2,24,165,59,2,1,4,1,1,5,1,1,1
43,2,0.7138163191849831,2.299526448783061,0.10071067811865472,0.4521237313005426,0.20441586840512524,1.689836145004591,3.0299620690112787,0.19419811234807344,0.5049981564508463,0.2550231380187534,0.3377898079728898,0.7655716818169283,0.022360679774997918,2,24,165,59,2,1,4,1,1,5,1,1,1
43,3,0.8408395321942428,2.011136528369681,0.1224264068711929,0.46868543693612025,0.21966603879600194,1.8720072663624188,2.610595802617897,0.9136299020238275,0.43782961893361727,0.19169477521555653,0.3749269764679528,0.7829431652425354,0.09055385138137416,2,24,165,59,2,1,4,1,1,5,1,1,1
43,4,0.6944145475480723,2.324532004694188,0.10000000000000003,0.46640419926441373,0.21753287709147898,1.7013669605591715,3.2718957844490375,0.05514362699112847,0.584399630937616,0.34152292864002187,0.3762680913701718,0.756042326857432,0.044721359549995766,2,24,165,59,2,1,4,1,1,5,1,1,1
44,1,0.7341243563709647,2.0790266448507486,0.1021075947218794,0.446744059582305,0.19958025477207808,2.0293321351864324,3.783084568084572,0.8466840294612268,0.7150563182190051,0.511305538224919,0.410741410128929,0.7602631123499285,0.06403124237432846,2,22,149,44,1,2,1,4,3,3,3,1,0
44,2,0.7340344293951606,2.445668152120854,0.10292528739883944,0.439000636491492,0.1927215588399351,1.9396930690109453,3.8485498841453074,0.8726821173296734,0.6581223770589638,0.433125063185741,0.38876074506261976,0.7679192665899196,0.04472135954999579,2,22,149,44,1,2,1,4,3,3,3,1,0
44,3,0.6728344152970195,1.99459454191288,0.12560477932315067,0.43856868371151086,0.19234249033244724,1.9435301009089538,3.3176126890014337,0.9304057727640792,0.6741513571451812,0.4544800523406896,0.40498046776190755,0.6684309986827361,0.17088007490635065,2,22,149,44,1,2,1,4,3,3,3,1,0
44,4,0.7656661942997544,2.4641066558109888,0.10009967675098252,0.5135216725581525,0.2637045081869224,1.9887243707622957,3.876600077086036,0.8490008583780443,0.7556038983278873,0.5709372511683003,0.3997699959425678,0.7523961722390672,0.0608276253029822,2,22,149,44,1,2,1,4,3,3,3,1,0
45,1,0.39781156009150515,1.110220491507628,0.10064495102245977,0.22769928865993488,0.05184696605624035,1.728776420152478,3.6810861189748287,0.049427036199745394,0.579057839182785,0.3353079811190361,0.43902025006813816,0.791012010022604,0.15231546211727814,1,22,183,83,2,2,3,6,2,4,1,1,1
45,2,0.41575635799159916,1.05505673750726,0.10146264369941976,0.21877636805123815,0.047863099217690816,1.6724156844023217,3.954469208210127,0.13754167271121395,0.5249983353337986,0.27562325210325966,0.4099262015279464,0.7917701686727028,0.1392838827718412,1,22,183,83,2,2,3,6,2,4,1,1,1
45,3,0.43117992951462586,1.060115329694754,0.10899494936611663,0.28166915902782785,0.07933751514744378,1.715507631309425,3.822771297006216,0.975452821781006,0.5888925457748682,0.34679443046920516,0.4312647590571286,0.7648529270389177,0.18788294228055927,1,22,183,83,2,2,3,6,2,4,1,1,1
45,4,0.3821144854403425,1.0136827695892006,0.10120955864630136,0.21709448863277586,0.047130016994726444,1.712888941528744,4.2450820760666135,0.8466840294612279,0.6056127163559502,0.36676676221203247,0.4517215021180849,0.7527283706623527,0.19,1,22,183,83,2,2,3,6,2,4,1,1,1
46,1,0.5801321452671876,2.1051506401868116,0.10106343992275556,0.4344233846178418,0.18872367710282129,1.8523502723198488,5.8760440985582765,0.1886939014876023,0.7333677622527985,0.5378282747116773,0.40836907658395477,0.8523496934944013,0.02236067977499788,1,22,176,60,2,1,1,2,2,5,2,2,1
46,2,0.5903487854725783,2.0953489052072185,0.10000000000000003,0.4268223874382868,0.18217735041851904,1.8451237972069177,4.138128718685824,0.16137719356822386,0.7147391312250969,0.5108520257044064,0.3664737729105907,0.8139410298049854,0.03,1,22,176,60,2,1,1,2,2,5,2,2,1
46,3,0.6347864256471448,1.6214684080797186,0.12009967675098253,0.41601303415935476,0.17306684459047245,1.946946989720477,3.677013575460589,1.0535059364121273,0.7348264010051341,0.5399698396141581,0.38339049460208263,0.7605918747922568,0.04242640687119285,1,22,176,60,2,1,1,2,2,5,2,2,1
46,4,0.6412637569971954,1.9398494346893025,0.10009967675098252,0.4449653132135318,0.19799412996321644,1.9435198954323611,4.5775975550902235,0.0717428863578285,0.7691833020842558,0.5916429522052395,0.42595131417766197,0.8091971329657562,0.014142135623730952,1,22,176,60,2,1,1,2,2,5,2,2,1
47,1,0.7639467145085524,2.6143317641230848,0.10164414002968973,0.5531600117359063,0.305985998583668,1.962655020806872,4.2325073211576365,0.8211664433361942,0.7461185366469769,0.5566928707282262,0.47585454160517693,0.8471717653463198,0.08246211251235319,1,22,168,55,2,2,4,6,4,4,1,1,0
47,2,0.706489355097989,2.5453234954665214,0.10120955864630128,0.5200651572861384,0.27046776782305587,1.8812027382505312,4.315808007956152,0.8095186923668863,0.7555714985565858,0.5708882894310447,0.44690415114703774,0.8497058314499201,0.1004987562112089,1,22,168,55,2,2,4,6,4,4,1,1,0
47,3,0.7128429120523938,2.219637299075175,0.10656854249492384,0.54743295035629,0.29968283513579236,1.8420679959777533,3.207568351264704,0.9102738529381944,0.6555939293477219,0.42980340019758567,0.47159391462225136,0.8141252974819048,0.14317821063276354,1,22,168,55,2,2,4,6,4,4,1,1,0
47,4,0.7161311303891729,2.4541036073350826,0.10064495102245984,0.5247733308321009,0.2753870487526176,1.8951006350853952,5.127552447678993,0.06909229989387779,0.7794025382497675,0.6074683166301803,0.48123268132604957,0.8497058314499201,0.12041594578792295,1,22,168,55,2,2,4,6,4,4,1,1,0
49,1,0.8427189764706391,2.7353593328951247,0.10000000000000007,0.6421674629816192,0.4123790505122492,2.29026825419447,6.4550911459841975,0.3447127657433525,1.0186741161447834,1.0376969549033557,0.38717097546120505,0.8420213774008353,0.0,1,20,187,72,2,1,4,6,3,5,1,1,0
49,2,0.7925214684619015,2.8480453067088765,0.10120955864630138,0.6244583459223398,0.3899482257920646,2.099888257550143,5.111738345584688,0.5004030692746487,0.9146023390002227,0.8364974385046783,0.3726183139535031,0.8405950273467004,0.0,1,20,187,72,2,1,4,6,3,5,1,1,0
49,3,0.7862740588334118,2.8405437106479883,0.11342416792648605,0.6752853083908127,0.4560102477284749,2.2203613486190656,4.9530299910784885,1.0252382887757476,1.043510622827662,1.0889144199541754,0.3981107988795166,0.8386298349093001,0.036055512754639904,1,20,187,72,2,1,4,6,3,5,1,1,0
49,4,0.8187565581806303,2.8400521545069384,0.10002182510638367,0.6293213150472788,0.3960453175728364,2.2151039950138065,5.751540082613458,0.13279089867768712,1.0227844658149308,1.0460880635123333,0.38857697263087176,0.8364807230295268,0.036055512754639925,1,20,187,72,2,1,4,6,3,5,1,1,0
50,1,0.42600669837759364,1.0065262819042116,0.1007106781186548,0.21849750675841015,0.04774116045964149,1.6148263467480235,2.5779648752196502,0.11450711007870895,0.42976824832446586,0.18470074726787977,0.3222315730888602,0.655133574166368,0.13038404810405302,2,23,170,70,2,1,2,2,4,4,2,2,0
50,2,0.4416812844225054,1.1233379664375136,0.10071067811865474,0.23091470927932561,0.05332160296155547,1.5304467302770883,2.437173878580906,0.029667623412755962,0.372474558417616,0.13873729666839804,0.30647893678164484,0.6621933252457322,0.1118033988749895,2,23,170,70,2,1,2,2,4,4,2,2,0
50,3,0.36047145571465444,0.905186268255876,0.10120955864630136,0.1929424389968739,0.037226784766062414,1.5263756576227865,2.657046210887393,0.9331389515842604,0.36524327576029775,0.13340265048811292,0.31548772994378493,0.6239390995922599,0.12727922061357858,2,23,170,70,2,1,2,2,4,4,2,2,0
50,4,0.4821983269427409,1.28000555068234,0.1007106781186547,0.26372656908420333,0.06955170324092508,1.6017896879164308,2.6949722036210533,0.8518069822666491,0.4450325748792775,0.1980539927036797,0.33826910820420175,0.6694027188471825,0.14866068747318506,2,23,170,70,2,1,2,2,4,4,2,2,0
51,1,0.7113621238971759,2.04524305215318,0.1012095586463014,0.4046514511968795,0.16374279695574057,1.9418066022307054,3.623343927220229,0.8582115460430888,0.5950179618437924,0.35404637491674074,0.32403885028347784,0.6920260110718383,0.05385164807134505,2,22,165,60,2,1,3,1,3,5,1,1,1
51,2,0.7094068405130324,1.9928737540344847,0.1007106781186547,0.3754534612908968,0.14096530159531495,1.952430433607598,3.623264199835056,0.6607307449087224,0.5764985247070127,0.33235054898936217,0.29478348123636794,0.6603029607687672,0.05385164807134503,2,22,165,60,2,1,3,1,3,5,1,1,1
51,3,0.6948500563412654,1.833198646372739,0.14803118619434347,0.4118754194496827,0.16964136114685205,2.0015329713896426,3.825456217424476,0.9409975986687968,0.5580958728371017,0.3114710032778064,0.32339899156571833,0.6063827174318214,0.07071067811865475,2,22,165,60,2,1,3,1,3,5,1,1,1
51,4,0.7710787438407677,2.1023934736998373,0.1000996767509825,0.47946040726299755,0.2298822821327995,1.9590794013303834,3.6281887732138784,0.7486346281484929,0.6765708397345229,0.45774810117907755,0.3198663969893429,0.6957010852370434,0.06,2,22,165,60,2,1,3,1,3,5,1,1,1
52,1,0.5450959518771192,1.6143646690859956,0.10000000000000003,0.3319263589895238,0.11017510779204222,1.7064879875614618,3.2092236751982797,0.8130081300813011,0.5260712897968546,0.27675100194852614,0.4245527842549312,0.7340980860893183,0.1392838827718412,2,22,165,51,2,1,2,1,4,5,3,1,0
52,2,0.5228384443309992,1.6833526148870337,0.10009967675098252,0.3265253208148204,0.10661878513322139,1.670362461578984,3.205842898260437,0.8398559324494429,0.5166266478604463,0.2669030932795216,0.4217862314663593,0.696419413859206,0.14,2,22,165,51,2,1,2,1,4,5,3,1,0
52,3,0.5296256964015538,1.115916106888956,0.10388905057061244,0.3091481069969767,0.09557255205981416,1.8575758448709077,3.814839871922605,0.9345527242075784,0.7354056557625818,0.5408214785275929,0.42519842206612574,0.6942621983083913,0.17888543819998315,2,22,165,51,2,1,2,1,4,5,3,1,0
52,4,0.6268030350284911,1.6846664157584537,0.10478708664619082,0.40117503519698494,0.1609414088653021,1.7731205419679397,3.4959972375101223,0.8561287193789703,0.6034993597976185,0.36421147727613534,0.3997919658694241,0.7247068372797376,0.10198039027185572,2,22,165,51,2,1,2,1,4,5,3,1,0
53,1,0.5820418097856157,2.1053573977992834,0.10064495102245967,0.3583125911554414,0.12838791298052651,1.690360383310776,3.310815134494141,0.8518069822666495,0.5293275397610571,0.2801876443494934,0.4358309051728338,0.7513321502504734,0.08062257748298546,2,24,162,52,2,1,2,1,3,5,3,1,0
53,2,0.6117442225710832,2.173587684973886,0.10146264369941964,0.3745562191713597,0.14029236131994363,1.699290824654969,3.101644510873672,0.8518069822666474,0.4868006138997195,0.2369748376931438,0.4144933797091495,0.7653103945458992,0.06,2,24,162,52,2,1,2,1,3,5,3,1,0
53,3,0.4306268007734195,1.17317957116285,0.10064495102245984,0.2668018838559759,0.07118324522909768,1.5813540441949359,2.968801474585173,0.8466840294612266,0.5204752314162472,0.27089446651779603,0.4442886771411765,0.7294518489934753,0.18027756377319948,2,24,162,52,2,1,2,1,3,5,3,1,0
53,4,0.6366382190734092,2.149703252949474,0.10009967675098247,0.41505574330079986,0.17227127004697945,1.6983356516573433,3.291883967652533,0.8219178082191787,0.5672108203929567,0.321728114770851,0.43672701697950306,0.756042326857432,0.1131370849898476,2,24,162,52,2,1,2,1,3,5,3,1,0
54,1,0.3711216340013109,1.1267184495602736,0.1007106781186548,0.22038472403520323,0.04856942658807268,1.2908495095346735,2.190672055073415,0.8200168159348894,0.2642144375048836,0.06980926898602205,0.4168114566421346,0.7539230729988307,0.140356688476182,2,23,164,55,2,1,2,1,3,5,3,1,0
54,2,0.3613732320248862,1.0428932323126732,0.1007106781186548,0.20362598911159477,0.04146354344167531,1.286822673349812,2.113411576049626,0.8398559324494433,0.25267804806909305,0.06384619597600691,0.40262052838507145,0.7218032973047436,0.0721110255092798,2,23,164,55,2,1,2,1,3,5,3,1,0
54,3,0.40753975145784477,1.1084413073988466,0.10071067811865472,0.2797223549039617,0.07824459583301789,1.3354337422099105,2.2762526722030803,0.9036321123637512,0.34918265977072704,0.12192852988455934,0.43278209131914674,0.7040596565632774,0.2267156809750927,2,23,164,55,2,1,2,1,3,5,3,1,0
54,4,0.413472161802423,1.0801048039192482,0.10146264369941972,0.23452670225505326,0.05500277407063041,1.3695449589087636,2.5906769078474925,0.8016275815445834,0.31366888543100696,0.09838816968753017,0.42806976356098403,0.7200694410957876,0.12083045973594572,2,23,164,55,2,1,2,1,3,5,3,1,0
55,1,0.5967863844687402,2.031701312029924,0.10064495102245986,0.3925633046974764,0.1541059481950037,1.7567811666228448,3.1701203175525072,0.8208955223880602,0.5749769269002275,0.3305984664676295,0.41621610473186565,0.6859300255857007,0.12806248474865695,2,22,173,64,2,1,3,1,2,5,1,1,1
55,2,0.5679356165262983,1.956007659343285,0.10071067811865478,0.35014320498434925,0.12260026399671202,1.6783263354023066,3.07080753245408,0.32900752702369124,0.5491707651931147,0.3015885293427911,0.3962609274321031,0.6859300255857007,0.13,2,22,173,64,2,1,3,1,2,5,1,1,1
55,3,0.6245590578865958,1.824177066861423,0.1006449510224598,0.45012916600426983,0.2026162660876995,1.7294257219020637,2.8029574944426296,0.846684029461227,0.5729791158998583,0.32830506725738323,0.4121717792148678,0.6841052550594827,0.1746424919657298,2,22,173,64,2,1,3,1,2,5,1,1,1
55,4,0.6694841571484673,1.8919743424400588,0.10242640687119282,0.3861794266503389,0.14913454956798447,1.8423820818411865,3.8747457540784978,0.8488872235332865,0.5788790908315915,0.3351010018020099,0.4131400697402738,0.6799999999999999,0.128062484748657,2,22,173,64,2,1,3,1,2,5,1,1,1
56,1,0.5976659900911423,1.8344897397424536,0.10071067811865472,0.3593324002322097,0.12911977385664092,1.7376524343494986,3.2394704802053256,0.8561526594740069,0.4927396142724734,0.2427923274733859,0.3656699687018556,0.6935416353759881,0.1118033988749895,2,22,172,52,2,1,2,4,1,5,2,1,1
56,2,0.6692583183555749,1.8425784055179064,0.10009967675098252,0.3568866791815785,0.12736810177725497,1.7594938675261536,3.8764130280407816,0.8287292817679561,0.4913104201885491,0.24138592898584868,0.34740491825588526,0.6935416353759881,0.11045361017187262,2,22,172,52,2,1,2,4,1,5,2,1,1
56,3,0.654759992765633,1.8879338126491159,0.100245795474528,0.4771186222929441,0.22764217973871706,1.6819201958529828,3.9625973493031688,0.8732602519956603,0.598581764334532,0.35830012859384125,0.36277013878600006,0.6762396025078685,0.14212670403551894,2,22,172,52,2,1,2,4,1,5,2,1,1
56,4,0.6619214044813365,1.8049609314128725,0.10024579547452822,0.36883496114543285,0.13603922856315295,1.805025056888146,3.0828858399821164,0.8502886001625412,0.5720121340234016,0.32719788147000595,0.3603530614016032,0.6940461079784254,0.1216552506059644,2,22,172,52,2,1,2,4,1,5,2,1,1
57,1,0.25586712210460255,0.6180797410680646,0.10071067811865472,0.12012887571170941,0.014430946779759328,1.2219011116916239,2.0898286923681884,0.8440226959278729,0.2586889571883773,0.0669199765712101,0.44676080225236536,0.7366138744281158,0.14866068747318506,2,22,159,48,2,1,1,1,3,5,3,2,0
57,2,0.2423452594649584,0.6068872914057151,0.10064495102245964,0.11814341771173206,0.013957867148608806,1.1924403258164924,2.0373998159407694,0.7857142857142856,0.25005543796986635,0.06252772205830168,0.43292241989629265,0.7106335201775948,0.15620499351813313,2,22,159,48,2,1,1,1,3,5,3,2,0
57,3,0.281217064238982,0.5564760634644121,0.10071067811865476,0.1337271701881676,0.017882956046535142,1.280913180349872,1.9069623448197035,0.8879297679488724,0.2535252108602912,0.06427503254175511,0.4402458475510536,0.6902897942168926,0.25079872407968906,2,22,159,48,2,1,1,1,3,5,3,2,0
57,4,0.26517606034601343,0.6197954698206027,0.10009967675098226,0.1252881495447354,0.015697120416343982,1.242372628430923,2.574323265678141,0.7288903316594161,0.2800770541121673,0.0784431562401499,0.477886151072877,0.7669419795525604,0.19,2,22,159,48,2,1,1,1,3,5,3,2,0
58,1,0.6087587030899908,2.167857174860018,0.10242640687119292,0.3970328778789842,0.1576351061168684,1.7469299990953722,3.510568966646093,0.8396946564885491,0.5389047644627756,0.2904183451606796,0.3592326683739029,0.7496665925596524,0.010000000000000002,2,25,160,60,2,1,1,1,3,4,1,1,1
58,2,0.7215601473924094,2.0572867985853405,0.10000000000000006,0.4252415728052907,0.18083039524191732,1.8657036959855537,3.354707894837123,0.8064516129032263,0.5798233366021152,0.33619510166840977,0.32528488349114826,0.750066663703967,0.09219544457292883,2,25,160,60,2,1,1,1,3,4,1,1,1
58,3,0.651157182113151,1.48928811518949,0.15217332181807433,0.4333054480629246,0.18775361132101184,1.6770431703893098,2.750742947192673,0.9926462419383704,0.49167965782325435,0.24174888591719249,0.34531076884754847,0.7244998274671983,0.0905538513813742,2,25,160,60,2,1,1,1,3,4,1,1,1
58,4,0.6891878900584982,2.2352092650910342,0.10009967675098247,0.46639490977787057,0.217524211866708,1.819057329426212,4.183070430901272,0.8088235294117645,0.6342435613752292,0.4022648951459341,0.3606561788179493,0.7416872656315463,0.05830951894845299,2,25,160,60,2,1,1,1,3,4,1,1,1
59,1,0.5519119214166537,1.7451229111041362,0.10210759472187957,0.3378531001307047,0.11414471726792796,1.768897873277947,3.3019274731679342,0.8536240624895975,0.5425630510474724,0.2943746643619421,0.3697491517683853,0.7093659140387278,0.09055385138137416,2,23,166,60,2,1,2,1,2,4,1,2,1
59,2,0.5851699359734276,1.7627203634306647,0.10217332181807436,0.329280628503189,0.10842573230745516,1.6993596899144485,3.39629923853212,0.8536240624895982,0.4820253924331602,0.23234847895034214,0.3508039534294667,0.7116881339463234,0.09433981132056604,2,23,166,60,2,1,2,1,2,4,1,2,1
59,3,0.560064574409868,1.224009913230542,0.10242640687119284,0.319753727583496,0.10224244630354058,1.698664338125804,2.7126477242528235,0.9305505167314172,0.46270566879483366,0.21409653593487432,0.35853583817890455,0.626418390534633,0.1392838827718412,2,23,166,60,2,1,2,1,2,4,1,2,1
59,4,0.6262104597027816,1.7715793369596402,0.1024264068711929,0.38577345640451277,0.1488211596662845,1.7348834866323426,3.3020865338108782,0.8466840294612279,0.524067935406862,0.2746472009216109,0.37664839905069364,0.7201388754955533,0.14866068747318506,2,23,166,60,2,1,2,1,2,4,1,2,1
60,1,0.6607162009532268,2.5657788456505988,0.10071067811865478,0.45125118491761984,0.20362763188955593,1.868252667342256,3.3870423071259554,0.8200168159348891,0.6560372986759363,0.4303849372540196,0.4128588708452522,0.813203541556479,0.0921954445729289,2,23,163,50,2,1,1,1,4,4,4,1,1
60,2,0.6335233928734018,2.6533700167117766,0.10000000000000006,0.4991986070156658,0.24919924924638118,1.7313825561116032,4.3249135485748464,0.8196721311475414,0.633255079773893,0.40101199605943955,0.3886656463839152,0.7810249675906655,0.06324555320336757,2,23,163,50,2,1,1,1,4,4,4,1,1
60,3,0.5113672603418574,1.5457495817208813,0.10828427124746187,0.37877659336492947,0.14347170768114112,1.5921446772260848,3.8233223766764683,0.8732602519956603,0.6314741006161351,0.3987595397489566,0.39662642482989574,0.7306161783043132,0.12806248474865695,2,23,163,50,2,1,1,1,4,4,4,1,1
60,4,0.714626875056213,2.4628858312352566,0.10000000000000007,0.5075066174162268,0.25756296672126044,1.818505792516068,3.86561343022102,0.8130081300813016,0.6822914093569363,0.4655215672822745,0.40931345615062376,0.7558438992278762,0.13038404810405302,2,23,163,50,2,1,1,1,4,4,4,1,1
61,1,0.9382275591549731,3.3682139504972546,0.1000996767509824,0.6909986064732141,0.4774790741479238,2.0409590681158907,4.210812593113547,0.8579889025222077,0.7046755312060646,0.4965676042805494,0.41672935039467696,0.8357032966310471,0.010000000000000007,2,24,165,62,2,1,1,1,3,5,3,1,1
61,2,0.8972004052281073,3.2671722959742886,0.10009967675098244,0.6461185270975239,0.4174691510586737,1.9370958464758505,3.7640352844574863,0.8726821173296727,0.6586809215915226,0.43386055646865745,0.373391544654981,0.8163332652783422,0.009999999999999995,2,24,165,62,2,1,1,1,3,5,3,1,1
61,3,0.8703050446568165,2.5299640056721544,0.1024264068711929,0.6060674652463087,0.36731777243008557,1.9629826888333615,3.3127243790416467,0.9140358282210788,0.67079352802093,0.4499639572347661,0.4050117588307093,0.8300602387778853,0.07211102550927978,2,24,165,62,2,1,1,1,3,5,3,1,1
61,4,1.1059526711281373,3.2788592745374743,0.10242640687119284,0.7756347273316394,0.6016092302428266,2.1540209312796335,4.299849542281511,0.8984772532560781,0.7774440549736543,0.6044192586138785,0.42101161761699046,0.8514693182963201,0.04123105625617659,2,24,165,62,2,1,1,1,3,5,3,1,1
62,1,0.7426837674237229,2.426145900147849,0.10242640687119277,0.44361678455942943,0.19679585154284723,1.9570685222522333,3.384842014063258,0.8582115460430905,0.5833219883378775,0.34026454207845486,0.37525197231095064,0.6850547423381579,0.04123105625617662,1,21,168,65,2,2,3,2,2,4,1,2,1
62,2,0.7475415012652421,2.4164667144244114,0.10828427124746187,0.43329704859532275,0.1877463323214175,1.8637359174968027,3.368347339142459,0.8732602519956604,0.5554831057420586,0.308561480764843,0.34717006375597326,0.6835202996254025,0.03,1,21,168,65,2,2,3,2,2,4,1,2,1
62,3,0.8123685391111705,1.6358190540062425,0.1265685424949238,0.4260744020387588,0.18153939607268585,1.921751055673615,3.1104028773855625,0.9445413619024164,0.645527596119292,0.4167058773515518,0.36314254299959947,0.6621933252457322,0.0806225774829855,1,21,168,65,2,2,3,2,2,4,1,2,1
62,4,0.8970893420241204,2.3954752340849743,0.10071067811865476,0.4663117152574772,0.21744661578637053,2.0818606566725815,3.856824007276817,0.8270676691729331,0.6823301713913847,0.4655744627909965,0.372230758002376,0.6795586803212803,0.09055385138137413,1,21,168,65,2,2,3,2,2,4,1,2,1
